{
  "version": 1,
  "author": "Anonymous maker",
  "editor": "wokwi",
  "parts": [
    { "type": "wokwi-breadboard-half", "id": "bb1", "top": 35.4, "left": 319.6, "attrs": {} },
    { "type": "wokwi-arduino-uno", "id": "uno", "top": 0.6, "left": -0.6, "attrs": {} },
    {
      "type": "wokwi-led",
      "id": "led1",
      "top": 116.8,
      "left": 359.4,
      "rotate": 180,
      "attrs": { "color": "red" }
    },
    {
      "type": "wokwi-led",
      "id": "led2",
      "top": 116.8,
      "left": 407.4,
      "rotate": 180,
      "attrs": { "color": "yellow" }
    },
    {
      "type": "wokwi-led",
      "id": "led3",
      "top": 116.8,
      "left": 455.4,
      "rotate": 180,
      "attrs": { "color": "limegreen" }
    },
    {
      "type": "wokwi-resistor",
      "id": "r1",
      "top": 81.6,
      "left": 354.65,
      "rotate": 90,
      "attrs": { "value": "1000" }
    },
    {
      "type": "wokwi-resistor",
      "id": "r2",
      "top": 81.6,
      "left": 402.65,
      "rotate": 90,
      "attrs": { "value": "1000" }
    },
    {
      "type": "wokwi-resistor",
      "id": "r3",
      "top": 81.6,
      "left": 450.65,
      "rotate": 90,
      "attrs": { "value": "1000" }
    }
  ],
  "connections": [
    [ "bb1:4t.a", "uno:9", "red", [ "v-96", "h-211.2" ] ],
    [ "uno:7", "bb1:14t.a", "limegreen", [ "v-38.4", "h282" ] ],
    [ "uno:8", "bb1:9t.a", "yellow", [ "v-28.8", "h250" ] ],
    [ "led1:A", "bb1:4t.e", "", [ "$bb" ] ],
    [ "led1:C", "bb1:5t.e", "", [ "$bb" ] ],
    [ "led2:A", "bb1:9t.e", "", [ "$bb" ] ],
    [ "led2:C", "bb1:10t.e", "", [ "$bb" ] ],
    [ "led3:A", "bb1:14t.e", "", [ "$bb" ] ],
    [ "led3:C", "bb1:15t.e", "", [ "$bb" ] ],
    [ "r1:1", "bb1:tn.4", "", [ "$bb" ] ],
    [ "r1:2", "bb1:5t.d", "", [ "$bb" ] ],
    [ "r2:1", "bb1:tn.8", "", [ "$bb" ] ],
    [ "r2:2", "bb1:10t.d", "", [ "$bb" ] ],
    [ "r3:1", "bb1:tn.12", "", [ "$bb" ] ],
    [ "r3:2", "bb1:15t.d", "", [ "$bb" ] ],
    [ "bb1:tn.1", "uno:GND.1", "black", [ "v-0.1", "h-56", "v-96", "h-182.4" ] ]
  ],
  "dependencies": {}
}